date,state,people_viral_positive,tests_viral_positive,tests_viral_negative,encounters_viral_total,tests_viral_total,people_viral_total,tests_combined_total,cases_conf_probable,people_antigen_positive,people_antigen_total,cases_confirmed,cases_probable
20200302,NY,0.0,,,0.0,,,0.0,0.0,,,,
20200303,NY,1.0,,,1.0,,,1.0,1.0,,,,
20200304,NY,1.0,,,10.0,,,10.0,1.0,,,,
20200305,NY,3.0,,,30.0,,,30.0,3.0,,,,
20200306,NY,25.0,,,122.0,,,122.0,25.0,,,,
20200307,NY,36.0,,,188.0,,,188.0,36.0,,,,
20200308,NY,60.0,,,388.0,,,388.0,60.0,,,,
20200309,NY,88.0,,,695.0,,,695.0,88.0,,,,
20200310,NY,151.0,,,1096.0,,,1096.0,151.0,,,,
20200311,NY,195.0,,,1521.0,,,1521.0,195.0,,,,
20200312,NY,251.0,,,2074.0,,,2074.0,251.0,,,,
20200313,NY,353.0,,,2836.0,,,2836.0,353.0,,,,
20200314,NY,517.0,,,4126.0,,,4126.0,517.0,,,,
20200315,NY,648.0,,,5419.0,,,5419.0,648.0,,,,
20200316,NY,942.0,,,7355.0,,,7355.0,942.0,,,,
20200317,NY,1374.0,,,10262.0,,,10262.0,1374.0,,,,
20200318,NY,2383.0,,,14815.0,,,14815.0,2383.0,,,,
20200319,NY,4152.0,,,22513.0,,,22513.0,4152.0,,,,
20200320,NY,7102.0,,,32637.0,,,32637.0,7102.0,,,,
20200321,NY,10356.0,,,45724.0,,,45724.0,10356.0,,,,
20200322,NY,15168.0,,,61753.0,,,61753.0,15168.0,,,,
20200323,NY,20875.0,,,78565.0,,,78565.0,20875.0,,,,
20200324,NY,25665.0,,,91517.0,,,91517.0,25665.0,,,,
20200325,NY,30810.0,,,103659.0,,,103659.0,30810.0,,,,
20200326,NY,37258.0,,,122310.0,,,122310.0,37258.0,,,,
20200327,NY,44637.0,,,138625.0,,,138625.0,44637.0,,,,
20200328,NY,52318.0,,,156069.0,,,156069.0,52318.0,,,,
20200329,NY,59513.0,,,172470.0,,,172470.0,59513.0,,,,
20200330,NY,66497.0,,,186585.0,,,186585.0,66497.0,,,,
20200331,NY,75795.0,,,205233.0,,,205233.0,75795.0,,,,
20200401,NY,83712.0,,,220934.0,,,220934.0,83712.0,,,,
20200402,NY,92381.0,,,238965.0,,,238965.0,92381.0,,,,
20200403,NY,102863.0,,,260520.0,,,260520.0,102863.0,,,,
20200404,NY,113704.0,,,283621.0,,,283621.0,113704.0,,,,
20200405,NY,122031.0,,,302280.0,,,302280.0,122031.0,,,,
20200406,NY,130689.0,,,320811.0,,,320811.0,130689.0,,,,
20200407,NY,138863.0,,,340058.0,,,340058.0,138863.0,,,,
20200408,NY,149316.0,,,365153.0,,,365153.0,149316.0,,,,
20200409,NY,159937.0,,,391549.0,,,391549.0,159937.0,,,,
20200410,NY,170512.0,,,417885.0,,,417885.0,170512.0,,,,
20200411,NY,180458.0,,,440980.0,,,440980.0,180458.0,,,,
20200412,NY,188694.0,,,461601.0,,,461601.0,188694.0,,,,
20200413,NY,195031.0,,,478357.0,,,478357.0,195031.0,,,,
20200414,NY,202208.0,,,499143.0,,,499143.0,202208.0,,,,
20200415,NY,213779.0,,,526012.0,,,526012.0,213779.0,,,,
20200416,NY,222284.0,,,550579.0,,,550579.0,222284.0,,,,
20200417,NY,229642.0,,,573223.0,,,573223.0,229642.0,,,,
20200418,NY,236732.0,,,596532.0,,,596532.0,236732.0,,,,
20200419,NY,242786.0,,,617555.0,,,617555.0,242786.0,,,,
20200420,NY,247512.0,,,633861.0,,,633861.0,247512.0,,,,
20200421,NY,251690.0,,,649325.0,,,649325.0,251690.0,,,,
20200422,NY,257216.0,,,669982.0,,,669982.0,257216.0,,,,
20200423,NY,263460.0,,,695920.0,,,695920.0,263460.0,,,,
20200424,NY,271590.0,,,730656.0,,,730656.0,271590.0,,,,
20200425,NY,282143.0,,,777568.0,,,777568.0,282143.0,,,,
20200426,NY,288045.0,,,805350.0,,,805350.0,288045.0,,,,
20200427,NY,291996.0,,,826095.0,,,826095.0,291996.0,,,,
20200428,NY,295106.0,,,844994.0,,,844994.0,295106.0,,,,
20200429,NY,299691.0,,,872481.0,,,872481.0,299691.0,,,,
20200430,NY,304372.0,,,900636.0,,,900636.0,304372.0,,,,
20200501,NY,308314.0,,,927438.0,,,927438.0,308314.0,,,,
20200502,NY,312977.0,,,959017.0,,,959017.0,312977.0,,,,
20200503,NY,316415.0,,,985911.0,,,985911.0,316415.0,,,,
20200504,NY,318953.0,,,1007310.0,,,1007310.0,318953.0,,,,
20200505,NY,321192.0,,,1028899.0,,,1028899.0,321192.0,,,,
20200506,NY,323978.0,,,1055921.0,,,1055921.0,323978.0,,,,
20200507,NY,327469.0,,,1089916.0,,,1089916.0,327469.0,,,,
20200508,NY,330407.0,,,1121543.0,,,1121543.0,330407.0,,,,
20200509,NY,333122.0,,,1153768.0,,,1153768.0,333122.0,,,,
20200510,NY,335395.0,,,1182998.0,,,1182998.0,335395.0,,,,
20200511,NY,337055.0,,,1204650.0,,,1204650.0,337055.0,,,,
20200512,NY,338485.0,,,1225113.0,,,1225113.0,338485.0,,,,
20200513,NY,340661.0,,,1258907.0,,,1258907.0,340661.0,,,,
20200514,NY,343051.0,,,1298757.0,,,1298757.0,343051.0,,,,
20200515,NY,345813.0,,,1338048.0,,,1338048.0,345813.0,,,,
20200516,NY,348232.0,,,1378717.0,,,1378717.0,348232.0,,,,
20200517,NY,350121.0,,,1413396.0,,,1413396.0,350121.0,,,,
20200518,NY,351371.0,,,1439557.0,,,1439557.0,351371.0,,,,
20200519,NY,352845.0,,,1467739.0,,,1467739.0,352845.0,,,,
20200520,NY,354370.0,,,1505836.0,,,1505836.0,354370.0,,,,
20200521,NY,356458.0,,,1555055.0,,,1555055.0,356458.0,,,,
20200522,NY,358154.0,,,1600793.0,,,1600793.0,358154.0,,,,
20200523,NY,359926.0,,,1652061.0,,,1652061.0,359926.0,,,,
20200524,NY,361515.0,,,1699826.0,,,1699826.0,361515.0,,,,
20200525,NY,362764.0,,,1739449.0,,,1739449.0,362764.0,,,,
20200526,NY,363836.0,,,1774128.0,,,1774128.0,363836.0,,,,
20200527,NY,364965.0,,,1811544.0,,,1811544.0,364965.0,,,,
20200528,NY,366733.0,,,1876789.0,,,1876789.0,366733.0,,,,
20200529,NY,368284.0,,,1944130.0,,,1944130.0,368284.0,,,,
20200530,NY,369660.0,,,2005381.0,,,2005381.0,369660.0,,,,
20200531,NY,370770.0,,,2063825.0,,,2063825.0,370770.0,,,,
20200601,NY,371711.0,,,2113777.0,,,2113777.0,371711.0,,,,
20200602,NY,373040.0,,,2167831.0,,,2167831.0,373040.0,,,,
20200603,NY,374085.0,,,2229473.0,,,2229473.0,374085.0,,,,
20200604,NY,375133.0,,,2293032.0,,,2293032.0,375133.0,,,,
20200605,NY,376208.0,,,2359512.0,,,2359512.0,376208.0,,,,
20200606,NY,377316.0,,,2437407.0,,,2437407.0,377316.0,,,,
20200607,NY,378097.0,,,2497842.0,,,2497842.0,378097.0,,,,
20200608,NY,378799.0,,,2555896.0,,,2555896.0,378799.0,,,,
20200609,NY,379482.0,,,2605869.0,,,2605869.0,379482.0,,,,
20200610,NY,380156.0,,,2668166.0,,,2668166.0,380156.0,,,,
20200611,NY,380892.0,,,2729005.0,,,2729005.0,380892.0,,,,
20200612,NY,381714.0,,,2801400.0,,,2801400.0,381714.0,,,,
20200613,NY,382630.0,,,2872240.0,,,2872240.0,382630.0,,,,
20200614,NY,383324.0,,,2934599.0,,,2934599.0,383324.0,,,,
20200615,NY,383944.0,,,2991210.0,,,2991210.0,383944.0,,,,
20200616,NY,384575.0,,,3051778.0,,,3051778.0,384575.0,,,,
20200617,NY,385142.0,,,3111119.0,,,3111119.0,385142.0,,,,
20200618,NY,385760.0,,,3179660.0,,,3179660.0,385760.0,,,,
20200619,NY,386556.0,,,3258963.0,,,3258963.0,386556.0,,,,
20200620,NY,387272.0,,,3327793.0,,,3327793.0,387272.0,,,,
20200621,NY,387936.0,,,3395319.0,,,3395319.0,387936.0,,,,
20200622,NY,388488.0,,,3452099.0,,,3452099.0,388488.0,,,,
20200623,NY,389085.0,,,3500808.0,,,3500808.0,389085.0,,,,
20200624,NY,389666.0,,,3551952.0,,,3551952.0,389666.0,,,,
20200625,NY,390415.0,,,3619594.0,,,3619594.0,390415.0,,,,
20200626,NY,391220.0,,,3681317.0,,,3681317.0,391220.0,,,,
20200627,NY,391923.0,,,3754579.0,,,3754579.0,391923.0,,,,
20200628,NY,392539.0,,,3816485.0,,,3816485.0,392539.0,,,,
20200629,NY,392930.0,,,3862913.0,,,3862913.0,392930.0,,,,
20200630,NY,393454.0,,,3914938.0,,,3914938.0,393454.0,,,,
20200701,NY,394079.0,,,3971648.0,,,3971648.0,394079.0,,,,
20200702,NY,394954.0,,,4041593.0,,,4041593.0,394954.0,,,,
20200703,NY,395872.0,,,4107985.0,,,4107985.0,395872.0,,,,
20200704,NY,396598.0,,,4170388.0,,,4170388.0,396598.0,,,,
20200705,NY,397131.0,,,4233803.0,,,4233803.0,397131.0,,,,
20200706,NY,397649.0,,,4288131.0,,,4288131.0,397649.0,,,,
20200707,NY,398237.0,,,4344867.0,,,4344867.0,398237.0,,,,
20200708,NY,398929.0,,,4402452.0,,,4402452.0,398929.0,,,,
20200709,NY,399513.0,,,4468016.0,,,4468016.0,399513.0,,,,
20200710,NY,400299.0,,,4541574.0,,,4541574.0,400299.0,,,,
20200711,NY,401029.0,,,4610777.0,,,4610777.0,401029.0,,,,
20200712,NY,401706.0,,,4673195.0,,,4673195.0,401706.0,,,,
20200713,NY,402263.0,,,4724882.0,,,4724882.0,402263.0,,,,
20200714,NY,403175.0,,,4784927.0,,,4784927.0,403175.0,,,,
20200715,NY,404006.0,,,4848525.0,,,4848525.0,404006.0,,,,
20200716,NY,404775.0,,,4921210.0,,,4921210.0,404775.0,,,,
20200717,NY,405551.0,,,4999449.0,,,4999449.0,405551.0,,,,
20200718,NY,406305.0,,,5069266.0,,,5069266.0,406305.0,,,,
20200719,NY,406807.0,,,5115470.0,,,5115470.0,406807.0,,,,
20200720,NY,407326.0,,,5164812.0,,,5164812.0,407326.0,,,,
20200721,NY,408181.0,,,5230981.0,,,5230981.0,408181.0,,,,
20200722,NY,408886.0,,,5298640.0,,,5298640.0,408886.0,,,,
20200723,NY,409697.0,,,5368338.0,,,5368338.0,409697.0,,,,
20200724,NY,410450.0,,,5444845.0,,,5444845.0,410450.0,,,,
20200725,NY,411200.0,,,5516311.0,,,5516311.0,411200.0,,,,
20200726,NY,411736.0,,,5569879.0,,,5569879.0,411736.0,,,,
20200727,NY,412344.0,,,5627149.0,,,5627149.0,412344.0,,,,
20200728,NY,412878.0,,,5684546.0,,,5684546.0,412878.0,,,,
20200729,NY,413593.0,,,5746822.0,,,5746822.0,413593.0,,,,
20200730,NY,414370.0,,,5820368.0,,,5820368.0,414370.0,,,,
20200731,NY,415014.0,,,5889237.0,,,5889237.0,415014.0,,,,
20200801,NY,415767.0,,,5971974.0,,,5971974.0,415767.0,,,,
20200802,NY,416298.0,,,6030935.0,,,6030935.0,416298.0,,,,
20200803,NY,416843.0,,,6082774.0,,,6082774.0,416843.0,,,,
20200804,NY,417589.0,,,6153767.0,,,6153767.0,417589.0,,,,
20200805,NY,418225.0,,,6226435.0,,,6226435.0,418225.0,,,,
20200806,NY,418928.0,,,6298805.0,,,6298805.0,418928.0,,,,
20200807,NY,419642.0,,,6368975.0,,,6368975.0,419642.0,,,,
20200808,NY,420345.0,,,6443832.0,,,6443832.0,420345.0,,,,
20200809,NY,420860.0,,,6509644.0,,,6509644.0,420860.0,,,,
20200810,NY,421336.0,,,6563646.0,,,6563646.0,421336.0,,,,
20200811,NY,422003.0,,,6640705.0,,,6640705.0,422003.0,,,,
20200812,NY,422703.0,,,6728481.0,,,6728481.0,422703.0,,,,
20200813,NY,423440.0,,,6816381.0,,,6816381.0,423440.0,,,,
20200814,NY,424167.0,,,6901836.0,,,6901836.0,424167.0,,,,
20200815,NY,424901.0,,,6990504.0,,,6990504.0,424901.0,,,,
20200816,NY,425508.0,,,7068196.0,,,7068196.0,425508.0,,,,
20200817,NY,425916.0,,,7125087.0,,,7125087.0,425916.0,,,,
20200818,NY,426571.0,,,7191978.0,,,7191978.0,426571.0,,,,
20200819,NY,427202.0,,,7272403.0,,,7272403.0,427202.0,,,,
20200820,NY,427803.0,,,7353387.0,,,7353387.0,427803.0,,,,
20200821,NY,428512.0,,,7452267.0,,,7452267.0,428512.0,,,,
20200822,NY,429165.0,,,7547116.0,,,7547116.0,429165.0,,,,
20200823,NY,429737.0,,,7621159.0,,,7621159.0,429737.0,,,,
20200824,NY,430145.0,,,7683190.0,,,7683190.0,430145.0,,,,
20200825,NY,430774.0,,,7750445.0,,,7750445.0,430774.0,,,,
20200826,NY,431340.0,,,7821634.0,,,7821634.0,431340.0,,,,
20200827,NY,432131.0,,,7905071.0,,,7905071.0,432131.0,,,,
20200828,NY,432767.0,,,8002897.0,,,8002897.0,432767.0,,,,
20200829,NY,433402.0,,,8096770.0,,,8096770.0,433402.0,,,,
20200830,NY,434100.0,,,8196792.0,,,8196792.0,434100.0,,,,
20200831,NY,434756.0,,,8263033.0,,,8263033.0,434756.0,,,,
20200901,NY,435510.0,,,8340030.0,,,8340030.0,435510.0,,,,
20200902,NY,436218.0,,,8428477.0,,,8428477.0,436218.0,,,,
20200903,NY,437107.0,,,8517458.0,,,8517458.0,437107.0,,,,
20200904,NY,437971.0,,,8610853.0,,,8610853.0,437971.0,,,,
20200905,NY,438772.0,,,8710614.0,,,8710614.0,438772.0,,,,
20200906,NY,439501.0,,,8796244.0,,,8796244.0,439501.0,,,,
20200907,NY,440021.0,,,8855109.0,,,8855109.0,440021.0,,,,
20200908,NY,440578.0,,,8912935.0,,,8912935.0,440578.0,,,,
20200909,NY,441154.0,,,8976165.0,,,8976165.0,441154.0,,,,
20200910,NY,441911.0,,,9052978.0,,,9052978.0,441911.0,,,,
20200911,NY,442791.0,,,9142700.0,,,9142700.0,442791.0,,,,
20200912,NY,443640.0,,,9245625.0,,,9245625.0,443640.0,,,,
20200913,NY,444365.0,,,9318293.0,,,9318293.0,444365.0,,,,
20200914,NY,444948.0,,,9381651.0,,,9381651.0,444948.0,,,,
20200915,NY,445714.0,,,9455329.0,,,9455329.0,445714.0,,,,
20200916,NY,446366.0,,,9530416.0,,,9530416.0,446366.0,,,,
20200917,NY,447262.0,,,9621920.0,,,9621920.0,447262.0,,,,
20200918,NY,448052.0,,,9711647.0,,,9711647.0,448052.0,,,,
20200919,NY,449038.0,,,9822091.0,,,9822091.0,449038.0,,,,
20200920,NY,449900.0,,,9922446.0,,,9922446.0,449900.0,,,,
20200921,NY,450473.0,,,9980765.0,,,9980765.0,450473.0,,,,
20200922,NY,451227.0,,,10064762.0,,,10064762.0,451227.0,,,,
20200923,NY,451892.0,,,10135692.0,,,10135692.0,451892.0,,,,
20200924,NY,452847.0,,,10228645.0,,,10228645.0,452847.0,,,,
20200925,NY,453755.0,,,10323463.0,,,10323463.0,453755.0,,,,
20200926,NY,454760.0,,,10423416.0,,,10423416.0,454760.0,,,,
20200927,NY,455626.0,,,10508186.0,,,10508186.0,455626.0,,,,
20200928,NY,456460.0,,,10561122.0,,,10561122.0,456460.0,,,,
20200929,NY,457649.0,,,10649353.0,,,10649353.0,457649.0,,,,
20200930,NY,458649.0,,,10747313.0,,,10747313.0,458649.0,,,,
20201001,NY,460031.0,,,10856531.0,,,10856531.0,460031.0,,,,
20201002,NY,461629.0,,,10976024.0,,,10976024.0,461629.0,,,,
20201003,NY,463360.0,,,11110291.0,,,11110291.0,463360.0,,,,
20201004,NY,464582.0,,,11220620.0,,,11220620.0,464582.0,,,,
20201005,NY,465515.0,,,11297024.0,,,11297024.0,465515.0,,,,
20201006,NY,466908.0,,,11393383.0,,,11393383.0,466908.0,,,,
20201007,NY,468268.0,,,11501629.0,,,11501629.0,468268.0,,,,
20201008,NY,470104.0,,,11647440.0,,,11647440.0,470104.0,,,,
20201009,NY,471696.0,,,11786740.0,,,11786740.0,471696.0,,,,
20201010,NY,473143.0,,,11921319.0,,,11921319.0,473143.0,,,,
20201011,NY,474286.0,,,12039573.0,,,12039573.0,474286.0,,,,
20201012,NY,475315.0,,,12131366.0,,,12131366.0,475315.0,,,,
20201013,NY,476708.0,,,12230436.0,,,12230436.0,476708.0,,,,
20201014,NY,477940.0,,,12342180.0,,,12342180.0,477940.0,,,,
20201015,NY,479400.0,,,12475392.0,,,12475392.0,479400.0,,,,
20201016,NY,481107.0,,,12611431.0,,,12611431.0,481107.0,,,,
20201017,NY,482891.0,,,12771403.0,,,12771403.0,482891.0,,,,
20201018,NY,484281.0,,,12900166.0,,,12900166.0,484281.0,,,,
20201019,NY,485279.0,,,12982175.0,,,12982175.0,485279.0,,,,
20201020,NY,486480.0,,,13072715.0,,,13072715.0,486480.0,,,,
20201021,NY,488506.0,,,13197504.0,,,13197504.0,488506.0,,,,
20201022,NY,490134.0,,,13332845.0,,,13332845.0,490134.0,,,,
20201023,NY,491771.0,,,13474353.0,,,13474353.0,491771.0,,,,
20201024,NY,493832.0,,,13631293.0,,,13631293.0,493832.0,,,,
20201025,NY,495464.0,,,13752123.0,,,13752123.0,495464.0,,,,
20201026,NY,496655.0,,,13834240.0,,,13834240.0,496655.0,,,,
20201027,NY,498646.0,,,13945858.0,,,13945858.0,498646.0,,,,
20201028,NY,500677.0,,,14075518.0,,,14075518.0,500677.0,,,,
20201029,NY,503176.0,,,14243871.0,,,14243871.0,503176.0,,,,
20201030,NY,505431.0,,,14390756.0,,,14390756.0,505431.0,,,,
20201031,NY,507480.0,,,14527718.0,,,14527718.0,507480.0,,,,
20201101,NY,509735.0,,,14676653.0,,,14676653.0,509735.0,,,,
20201102,NY,511368.0,,,14772754.0,,,14772754.0,511368.0,,,,
20201103,NY,513689.0,,,14900623.0,,,14900623.0,513689.0,,,,
20201104,NY,515815.0,,,15034157.0,,,15034157.0,515815.0,,,,
20201105,NY,518812.0,,,15195176.0,,,15195176.0,518812.0,,,,
20201106,NY,522021.0,,,15355881.0,,,15355881.0,522021.0,,,,
20201107,NY,525608.0,,,15519172.0,,,15519172.0,525608.0,,,,
20201108,NY,529036.0,,,15664814.0,,,15664814.0,529036.0,,,,
20201109,NY,532180.0,,,15776230.0,,,15776230.0,532180.0,,,,
20201110,NY,536145.0,,,15904266.0,,,15904266.0,536145.0,,,,
20201111,NY,540965.0,,,16068566.0,,,16068566.0,540965.0,,,,
20201112,NY,545762.0,,,16231193.0,,,16231193.0,545762.0,,,,
20201113,NY,551163.0,,,16434914.0,,,16434914.0,551163.0,,,,
20201114,NY,556551.0,,,16619076.0,,,16619076.0,556551.0,,,,
20201115,NY,560200.0,,,16752278.0,,,16752278.0,560200.0,,,,
20201116,NY,563690.0,,,16876843.0,,,16876843.0,563690.0,,,,
20201117,NY,568778.0,,,17036695.0,,,17036695.0,568778.0,,,,
20201118,NY,574072.0,,,17191129.0,,,17191129.0,574072.0,,,,
20201119,NY,579382.0,,,17386368.0,,,17386368.0,579382.0,,,,
20201120,NY,584850.0,,,17591834.0,,,17591834.0,584850.0,,,,
20201121,NY,590822.0,,,17799741.0,,,17799741.0,590822.0,,,,
20201122,NY,596214.0,,,17996351.0,,,17996351.0,596214.0,,,,
20201123,NY,602120.0,,,18187840.0,,,18187840.0,602120.0,,,,
20201124,NY,607001.0,,,18352601.0,,,18352601.0,607001.0,,,,
20201125,NY,613266.0,,,18525686.0,,,18525686.0,613266.0,,,,
20201126,NY,620199.0,,,18743407.0,,,18743407.0,620199.0,,,,
20201127,NY,628375.0,,,18962849.0,,,18962849.0,628375.0,,,,
20201128,NY,634438.0,,,19115204.0,,,19115204.0,634438.0,,,,
20201129,NY,641161.0,,,19272524.0,,,19272524.0,641161.0,,,,
20201130,NY,647980.0,,,19421498.0,,,19421498.0,647980.0,,,,
20201201,NY,655265.0,,,19568173.0,,,19568173.0,655265.0,,,,
20201202,NY,664238.0,,,19761724.0,,,19761724.0,664238.0,,,,
20201203,NY,674093.0,,,19965164.0,,,19965164.0,674093.0,,,,
20201204,NY,685364.0,,,20173461.0,,,20173461.0,685364.0,,,,
20201205,NY,696125.0,,,20388862.0,,,20388862.0,696125.0,,,,
20201206,NY,705827.0,,,20594694.0,,,20594694.0,705827.0,,,,
20201207,NY,713129.0,,,20746981.0,,,20746981.0,713129.0,,,,
20201208,NY,722464.0,,,20909445.0,,,20909445.0,722464.0,,,,
20201209,NY,733064.0,,,21104040.0,,,21104040.0,733064.0,,,,
20201210,NY,743242.0,,,21301446.0,,,21301446.0,743242.0,,,,
20201211,NY,753837.0,,,21514118.0,,,21514118.0,753837.0,,,,
20201212,NY,764966.0,,,21757045.0,,,21757045.0,764966.0,,,,
20201213,NY,775160.0,,,21962295.0,,,21962295.0,775160.0,,,,
20201214,NY,784204.0,,,22122139.0,,,22122139.0,784204.0,,,,
20201215,NY,794557.0,,,22316327.0,,,22316327.0,794557.0,,,,
20201216,NY,804555.0,,,22477274.0,,,22477274.0,804555.0,,,,
20201217,NY,815469.0,,,22680046.0,,,22680046.0,815469.0,,,,
20201218,NY,828166.0,,,22929431.0,,,22929431.0,828166.0,,,,
20201219,NY,838085.0,,,23120907.0,,,23120907.0,838085.0,,,,
20201220,NY,848042.0,,,23318158.0,,,23318158.0,848042.0,,,,
20201221,NY,857049.0,,,23474668.0,,,23474668.0,857049.0,,,,
20201222,NY,866765.0,,,23639536.0,,,23639536.0,866765.0,,,,
20201223,NY,878702.0,,,23843897.0,,,23843897.0,878702.0,,,,
20201224,NY,891270.0,,,24070193.0,,,24070193.0,891270.0,,,,
20201225,NY,903716.0,,,24296753.0,,,24296753.0,903716.0,,,,
20201226,NY,914522.0,,,24498195.0,,,24498195.0,914522.0,,,,
20201227,NY,922145.0,,,24628494.0,,,24628494.0,922145.0,,,,
20201228,NY,932552.0,,,24753360.0,,,24753360.0,932552.0,,,,
20201229,NY,943990.0,,,24913524.0,,,24913524.0,943990.0,,,,
20201230,NY,957412.0,,,25068473.0,,,25068473.0,957412.0,,,,
20201231,NY,974214.0,,,25285060.0,,,25285060.0,974214.0,,,,
20210101,NY,990711.0,,,25504313.0,,,25504313.0,990711.0,,,,
20210102,NY,1005785.0,,,25706759.0,,,25706759.0,1005785.0,,,,
20210103,NY,1017153.0,,,25849104.0,,,25849104.0,1017153.0,,,,
20210104,NY,1028362.0,,,25983464.0,,,25983464.0,1028362.0,,,,
20210105,NY,1041028.0,,,26135866.0,,,26135866.0,1041028.0,,,,
20210106,NY,1057676.0,,,26333682.0,,,26333682.0,1057676.0,,,,
20210107,NY,1075312.0,,,26572232.0,,,26572232.0,1075312.0,,,,
20210108,NY,1094144.0,,,26816135.0,,,26816135.0,1094144.0,,,,
20210109,NY,1111087.0,,,27074166.0,,,27074166.0,1111087.0,,,,
20210110,NY,1126442.0,,,27321002.0,,,27321002.0,1126442.0,,,,
20210111,NY,1140156.0,,,27524906.0,,,27524906.0,1140156.0,,,,
20210112,NY,1155370.0,,,27721577.0,,,27721577.0,1155370.0,,,,
20210113,NY,1169947.0,,,27918445.0,,,27918445.0,1169947.0,,,,
20210114,NY,1183608.0,,,28131034.0,,,28131034.0,1183608.0,,,,
20210115,NY,1203550.0,,,28455705.0,,,28455705.0,1203550.0,,,,
20210116,NY,1219548.0,,,28732991.0,,,28732991.0,1219548.0,,,,
20210117,NY,1233390.0,,,28979498.0,,,28979498.0,1233390.0,,,,
20210118,NY,1245575.0,,,29165703.0,,,29165703.0,1245575.0,,,,
20210119,NY,1258087.0,,,29342972.0,,,29342972.0,1258087.0,,,,
20210120,NY,1271451.0,,,29538381.0,,,29538381.0,1271451.0,,,,
20210121,NY,1285337.0,,,29762950.0,,,29762950.0,1285337.0,,,,
20210122,NY,1300481.0,,,30030951.0,,,30030951.0,1300481.0,,,,
20210123,NY,1314267.0,,,30293057.0,,,30293057.0,1314267.0,,,,
20210124,NY,1326987.0,,,30543012.0,,,30543012.0,1326987.0,,,,
20210125,NY,1338990.0,,,30762550.0,,,30762550.0,1338990.0,,,,
20210126,NY,1350054.0,,,30925488.0,,,30925488.0,1350054.0,,,,
20210127,NY,1361082.0,,,31128149.0,,,31128149.0,1361082.0,,,,
20210128,NY,1374480.0,,,31378817.0,,,31378817.0,1374480.0,,,,
20210129,NY,1387059.0,,,31649335.0,,,31649335.0,1387059.0,,,,
20210130,NY,1399863.0,,,31918685.0,,,31918685.0,1399863.0,,,,
20210131,NY,1410656.0,,,32161751.0,,,32161751.0,1410656.0,,,,
20210201,NY,1419164.0,,,32336789.0,,,32336789.0,1419164.0,,,,
20210202,NY,1427379.0,,,32486988.0,,,32486988.0,1427379.0,,,,
20210203,NY,1433304.0,,,32613477.0,,,32613477.0,1433304.0,,,,
20210204,NY,1440718.0,,,32782663.0,,,32782663.0,1440718.0,,,,
20210205,NY,1449495.0,,,32986290.0,,,32986290.0,1449495.0,,,,
20210206,NY,1460747.0,,,33247575.0,,,33247575.0,1460747.0,,,,
20210207,NY,1470772.0,,,33498467.0,,,33498467.0,1470772.0,,,,
20210208,NY,1479220.0,,,33695650.0,,,33695650.0,1479220.0,,,,
20210209,NY,1487086.0,,,33849298.0,,,33849298.0,1487086.0,,,,
20210210,NY,1494187.0,,,34026048.0,,,34026048.0,1494187.0,,,,
20210211,NY,1504286.0,,,34311547.0,,,34311547.0,1504286.0,,,,
20210212,NY,1512690.0,,,34548681.0,,,34548681.0,1512690.0,,,,
20210213,NY,1521453.0,,,34802244.0,,,34802244.0,1521453.0,,,,
20210214,NY,1529769.0,,,35036952.0,,,35036952.0,1529769.0,,,,
20210215,NY,1536134.0,,,35217456.0,,,35217456.0,1536134.0,,,,
20210216,NY,1542887.0,,,35353848.0,,,35353848.0,1542887.0,,,,
20210217,NY,1548979.0,,,35523811.0,,,35523811.0,1548979.0,,,,
20210218,NY,1555773.0,,,35739542.0,,,35739542.0,1555773.0,,,,
20210219,NY,1564483.0,,,35988790.0,,,35988790.0,1564483.0,,,,
20210220,NY,1572175.0,,,36240435.0,,,36240435.0,1572175.0,,,,
20210221,NY,1578785.0,,,36461592.0,,,36461592.0,1578785.0,,,,
20210222,NY,1584931.0,,,36603611.0,,,36603611.0,1584931.0,,,,
20210223,NY,1591585.0,,,36760944.0,,,36760944.0,1591585.0,,,,
20210224,NY,1597774.0,,,36977757.0,,,36977757.0,1597774.0,,,,
20210225,NY,1606520.0,,,37256699.0,,,37256699.0,1606520.0,,,,
20210226,NY,1614724.0,,,37547888.0,,,37547888.0,1614724.0,,,,
20210227,NY,1622865.0,,,37833195.0,,,37833195.0,1622865.0,,,,
20210228,NY,1630445.0,,,38106915.0,,,38106915.0,1630445.0,,,,
20210301,NY,1636680.0,,,38281073.0,,,38281073.0,1636680.0,,,,
20210302,NY,1642480.0,,,38409107.0,,,38409107.0,1642480.0,,,,
20210303,NY,1650184.0,,,38627176.0,,,38627176.0,1650184.0,,,,
20210304,NY,1657777.0,,,38897265.0,,,38897265.0,1657777.0,,,,
20210305,NY,1666733.0,,,39194200.0,,,39194200.0,1666733.0,,,,
20210306,NY,1674380.0,,,39467332.0,,,39467332.0,1674380.0,,,,
20210307,NY,1681169.0,,,39695100.0,,,39695100.0,1681169.0,,,,
20210308,NY,1686478.0,,,39841556.0,,,39841556.0,1686478.0,,,,
20210309,NY,1693328.0,,,40016070.0,,,40016070.0,1693328.0,,,,
20210310,NY,1699817.0,,,40221686.0,,,40221686.0,1699817.0,,,,
20210311,NY,1706564.0,,,40464839.0,,,40464839.0,1706564.0,,,,
20210312,NY,1715863.0,,,40764117.0,,,40764117.0,1715863.0,,,,
20210313,NY,1722463.0,,,40989910.0,,,40989910.0,1722463.0,,,,
20210314,NY,1728406.0,,,41196590.0,,,41196590.0,1728406.0,,,,
20210315,NY,1734213.0,,,41323595.0,,,41323595.0,1734213.0,,,,
20210316,NY,1740721.0,,,41480691.0,,,41480691.0,1740721.0,,,,
20210317,NY,1749697.0,,,41744092.0,,,41744092.0,1749697.0,,,,
20210318,NY,1757493.0,,,42015555.0,,,42015555.0,1757493.0,,,,
20210319,NY,1765755.0,,,42294145.0,,,42294145.0,1765755.0,,,,
20210320,NY,1773378.0,,,42552274.0,,,42552274.0,1773378.0,,,,
20210321,NY,1781316.0,,,42798540.0,,,42798540.0,1781316.0,,,,
20210322,NY,1787677.0,,,42950868.0,,,42950868.0,1787677.0,,,,
20210323,NY,1794478.0,,,43094389.0,,,43094389.0,1794478.0,,,,
20210324,NY,1801756.0,,,43301885.0,,,43301885.0,1801756.0,,,,
20210325,NY,1809837.0,,,43570161.0,,,43570161.0,1809837.0,,,,
20210326,NY,1818344.0,,,43852610.0,,,43852610.0,1818344.0,,,,
20210327,NY,1826545.0,,,44112555.0,,,44112555.0,1826545.0,,,,
20210328,NY,1835940.0,,,44379816.0,,,44379816.0,1835940.0,,,,
20210329,NY,1843562.0,,,44564346.0,,,44564346.0,1843562.0,,,,
20210330,NY,1850050.0,,,44715783.0,,,44715783.0,1850050.0,,,,
20210331,NY,1858432.0,,,44936152.0,,,44936152.0,1858432.0,,,,
20210401,NY,1867320.0,,,45175804.0,,,45175804.0,1867320.0,,,,
20210402,NY,1875107.0,,,45433450.0,,,45433450.0,1875107.0,,,,
20210403,NY,1882953.0,,,45684660.0,,,45684660.0,1882953.0,,,,
20210404,NY,1890420.0,,,45910071.0,,,45910071.0,1890420.0,,,,
20210405,NY,1897003.0,,,46060296.0,,,46060296.0,1897003.0,,,,
20210406,NY,1902751.0,,,46193160.0,,,46193160.0,1902751.0,,,,
20210407,NY,1909964.0,,,46414834.0,,,46414834.0,1909964.0,,,,
20210408,NY,1918343.0,,,46678571.0,,,46678571.0,1918343.0,,,,
20210409,NY,1927357.0,,,46983527.0,,,46983527.0,1927357.0,,,1927357.0,0.0
20210410,NY,1934640.0,,,47244227.0,,,47244227.0,1934640.0,,,1934640.0,0.0
20210411,NY,1941404.0,,,47470275.0,,,47470275.0,1941404.0,,,1941404.0,0.0
20210412,NY,1946330.0,,,47601711.0,,,47601711.0,1946330.0,,,1946330.0,0.0
20210413,NY,1951359.0,,,47730623.0,,,47730623.0,1951359.0,,,1951359.0,0.0
20210414,NY,1957551.0,,,47938786.0,,,47938786.0,1957551.0,,,1957551.0,0.0
20210415,NY,1964435.0,,,48187889.0,,,48187889.0,1964435.0,,,1964435.0,0.0
20210416,NY,1970990.0,,,48420818.0,,,48420818.0,1970990.0,,,1970990.0,0.0
20210417,NY,1979225.0,,,48717058.0,,,48717058.0,1979225.0,,,1979225.0,0.0
20210418,NY,1984929.0,,,48960229.0,,,48960229.0,1984929.0,,,1984929.0,0.0
20210419,NY,1989268.0,,,49107812.0,,,49107812.0,1989268.0,,,1989268.0,0.0
20210420,NY,1993190.0,,,49224295.0,,,49224295.0,1993190.0,,,1993190.0,0.0
20210421,NY,1997516.0,,,49426695.0,,,49426695.0,1997516.0,,,1997516.0,0.0
20210422,NY,2002512.0,,,49669127.0,,,49669127.0,2002512.0,,,2002512.0,0.0
20210423,NY,2007413.0,,,49910057.0,,,49910057.0,2007413.0,,,2007413.0,0.0
20210424,NY,2011577.0,,,50143124.0,,,50143124.0,2011577.0,,,2011577.0,0.0
20210425,NY,2015664.0,,,50361096.0,,,50361096.0,2015664.0,,,2015664.0,0.0
20210426,NY,2018703.0,,,50488049.0,,,50488049.0,2018703.0,,,2018703.0,0.0
20210427,NY,2021407.0,,,50591724.0,,,50591724.0,2021407.0,,,2021407.0,0.0
20210428,NY,2024553.0,,,50765251.0,,,50765251.0,2024553.0,,,2024553.0,0.0
20210429,NY,2028626.0,,,50991319.0,,,50991319.0,2028626.0,,,2028626.0,0.0
20210430,NY,2032494.0,,,51211393.0,,,51211393.0,2032494.0,,,2032494.0,0.0
20210501,NY,2032494.0,,,51211393.0,,,51211393.0,2032494.0,,,2032494.0,0.0
20210502,NY,2039068.0,,,51635592.0,,,51635592.0,2039068.0,,,2039068.0,0.0
20210503,NY,2041268.0,,,51748731.0,,,51748731.0,2041268.0,,,2041268.0,0.0
20210504,NY,2043441.0,,,51845478.0,,,51845478.0,2043441.0,,,2043441.0,0.0
20210505,NY,2045904.0,,,52011075.0,,,52011075.0,2045904.0,,,2045904.0,0.0
20210506,NY,2048489.0,,,52214719.0,,,52214719.0,2048489.0,,,2048489.0,0.0
20210507,NY,2050859.0,,,52409707.0,,,52409707.0,2050859.0,,,2050859.0,0.0
20210508,NY,2054054.0,,,52658279.0,,,52658279.0,2054054.0,,,2054054.0,0.0
20210509,NY,2056323.0,,,52829566.0,,,52829566.0,2056323.0,,,2056323.0,0.0
20210510,NY,2057903.0,,,52940107.0,,,52940107.0,2057903.0,,,2057903.0,0.0
20210511,NY,2059419.0,,,53039763.0,,,53039763.0,2059419.0,,,2059419.0,0.0
20210512,NY,2061249.0,,,53205655.0,,,53205655.0,2061249.0,,,2061249.0,0.0
20210513,NY,2063465.0,,,53410186.0,,,53410186.0,2063465.0,,,2063465.0,0.0
20210514,NY,2065533.0,,,53614038.0,,,53614038.0,2065533.0,,,2065533.0,0.0
20210515,NY,2067574.0,,,53807488.0,,,53807488.0,2067574.0,,,2067574.0,0.0
20210516,NY,2069135.0,,,53963868.0,,,53963868.0,2069135.0,,,2069135.0,0.0
20210517,NY,2070413.0,,,54065041.0,,,54065041.0,2070413.0,,,2070413.0,0.0
20210518,NY,2071443.0,,,54160911.0,,,54160911.0,2071443.0,,,2071443.0,0.0
20210519,NY,2072874.0,,,54303681.0,,,54303681.0,2072874.0,,,2072874.0,0.0
20210520,NY,2074457.0,,,54489759.0,,,54489759.0,2074457.0,,,2074457.0,0.0
20210521,NY,2075997.0,,,54669315.0,,,54669315.0,2075997.0,,,2075997.0,0.0
20210522,NY,2077344.0,,,54837233.0,,,54837233.0,2077344.0,,,2077344.0,0.0
20210523,NY,2078417.0,,,54976160.0,,,54976160.0,2078417.0,,,2078417.0,0.0
20210524,NY,2079346.0,,,55061179.0,,,55061179.0,2079346.0,,,2079346.0,0.0
20210525,NY,2080113.0,,,55137730.0,,,55137730.0,2080113.0,,,2080113.0,0.0
20210526,NY,2081049.0,,,55270938.0,,,55270938.0,2081049.0,,,2081049.0,0.0
20210527,NY,2082104.0,,,55433388.0,,,55433388.0,2082104.0,,,2082104.0,0.0
20210528,NY,2083041.0,,,55592892.0,,,55592892.0,2083041.0,,,2083041.0,0.0
20210529,NY,2083911.0,,,55733284.0,,,55733284.0,2083911.0,,,2083911.0,0.0
20210530,NY,2084696.0,,,55856021.0,,,55856021.0,2084696.0,,,2084696.0,0.0
20210531,NY,2085190.0,,,55927263.0,,,55927263.0,2085190.0,,,2085190.0,0.0
20210601,NY,2085581.0,,,55977791.0,,,55977791.0,2085581.0,,,2085581.0,0.0
20210602,NY,2086012.0,,,56048810.0,,,56048810.0,2086012.0,,,2086012.0,0.0
20210603,NY,2086577.0,,,56176812.0,,,56176812.0,2086577.0,,,2086577.0,0.0
20210604,NY,2087356.0,,,56364498.0,,,56364498.0,2087356.0,,,2087356.0,0.0
20210605,NY,2088117.0,,,56505239.0,,,56505239.0,2088117.0,,,2088117.0,0.0
20210606,NY,2088666.0,,,56623238.0,,,56623238.0,2088666.0,,,2088666.0,0.0
20210607,NY,2089129.0,,,56693873.0,,,56693873.0,2089129.0,,,2089129.0,0.0
20210608,NY,2089571.0,,,56765826.0,,,56765826.0,2089571.0,,,2089571.0,0.0
20210609,NY,2089997.0,,,56879535.0,,,56879535.0,2089997.0,,,2089997.0,0.0
20210610,NY,2090563.0,,,57019027.0,,,57019027.0,2090563.0,,,2090563.0,0.0
20210611,NY,2091043.0,,,57149098.0,,,57149098.0,2091043.0,,,2091043.0,0.0
20210612,NY,2091576.0,,,57290666.0,,,57290666.0,2091576.0,,,2091576.0,0.0
20210613,NY,2091959.0,,,57401103.0,,,57401103.0,2091959.0,,,2091959.0,0.0
20210614,NY,2092279.0,,,57462737.0,,,57462737.0,2092279.0,,,2092279.0,0.0
20210615,NY,2092599.0,,,57518175.0,,,57518175.0,2092599.0,,,2092599.0,0.0
20210616,NY,2092948.0,,,57618652.0,,,57618652.0,2092948.0,,,2092948.0,0.0
20210617,NY,2093366.0,,,57737924.0,,,57737924.0,2093366.0,,,2093366.0,0.0
20210618,NY,2093736.0,,,57848311.0,,,57848311.0,2093736.0,,,2093736.0,0.0
20210619,NY,2094154.0,,,57956062.0,,,57956062.0,2094154.0,,,2094154.0,0.0
20210620,NY,2094412.0,,,58044356.0,,,58044356.0,2094412.0,,,2094412.0,0.0
20210621,NY,2094663.0,,,58102728.0,,,58102728.0,2094663.0,,,2094663.0,0.0
20210622,NY,2094923.0,,,58158057.0,,,58158057.0,2094923.0,,,2094923.0,0.0
20210623,NY,2095233.0,,,58248407.0,,,58248407.0,2095233.0,,,2095233.0,0.0
20210624,NY,2095576.0,,,58361515.0,,,58361515.0,2095576.0,,,2095576.0,0.0
20210625,NY,2095919.0,,,58457143.0,,,58457143.0,2095919.0,,,2095919.0,0.0
20210626,NY,2096304.0,,,58554163.0,,,58554163.0,2096304.0,,,2096304.0,0.0
20210627,NY,2096650.0,,,58638455.0,,,58638455.0,2096650.0,,,2096650.0,0.0
20210628,NY,2096940.0,,,58693789.0,,,58693789.0,2096940.0,,,2096940.0,0.0
20210629,NY,2097215.0,,,58747985.0,,,58747985.0,2097215.0,,,2097215.0,0.0
20210630,NY,2097560.0,,,58828295.0,,,58828295.0,2097560.0,,,2097560.0,0.0
20210701,NY,2097971.0,,,58909251.0,,,58909251.0,2097971.0,,,2097971.0,0.0
20210702,NY,2098477.0,,,58986153.0,,,58986153.0,2098477.0,,,2098477.0,0.0
20210703,NY,2098887.0,,,59065337.0,,,59065337.0,2098887.0,,,2098887.0,0.0
20210704,NY,2099308.0,,,59132574.0,,,59132574.0,2099308.0,,,2099308.0,0.0
20210705,NY,2099676.0,,,59180891.0,,,59180891.0,2099676.0,,,2099676.0,0.0
20210706,NY,2099931.0,,,59216230.0,,,59216230.0,2099931.0,,,2099931.0,0.0
20210707,NY,2100417.0,,,59267467.0,,,59267467.0,2100417.0,,,2100417.0,0.0
20210708,NY,2101087.0,,,59366144.0,,,59366144.0,2101087.0,,,2101087.0,0.0
20210709,NY,2101904.0,,,59453050.0,,,59453050.0,2101904.0,,,2101904.0,0.0
20210710,NY,2102565.0,,,59533361.0,,,59533361.0,2102565.0,,,2102565.0,0.0
20210711,NY,2103231.0,,,59598410.0,,,59598410.0,2103231.0,,,2103231.0,0.0
20210712,NY,2103804.0,,,59650300.0,,,59650300.0,2103804.0,,,2103804.0,0.0
20210713,NY,2104447.0,,,59700353.0,,,59700353.0,2104447.0,,,2104447.0,0.0
20210714,NY,2105259.0,,,59775368.0,,,59775368.0,2105259.0,,,2105259.0,0.0
20210715,NY,2106215.0,,,59857319.0,,,59857319.0,2106215.0,,,2106215.0,0.0
20210716,NY,2107196.0,,,59937239.0,,,59937239.0,2107196.0,,,2107196.0,0.0
20210717,NY,2108352.0,,,60020206.0,,,60020206.0,2108352.0,,,2108352.0,0.0
20210718,NY,2109494.0,,,60096052.0,,,60096052.0,2109494.0,,,2109494.0,0.0
20210719,NY,2110317.0,,,60165717.0,,,60165717.0,2110317.0,,,2110317.0,0.0
20210720,NY,2111461.0,,,60234422.0,,,60234422.0,2111461.0,,,2111461.0,0.0
20210721,NY,2112913.0,,,60317504.0,,,60317504.0,2112913.0,,,2112913.0,0.0
20210722,NY,2114497.0,,,60410678.0,,,60410678.0,2114497.0,,,2114497.0,0.0
20210723,NY,2116327.0,,,60513545.0,,,60513545.0,2116327.0,,,2116327.0,0.0
20210724,NY,2118173.0,,,60612723.0,,,60612723.0,2118173.0,,,2118173.0,0.0
20210725,NY,2120155.0,,,60701600.0,,,60701600.0,2120155.0,,,2120155.0,0.0
20210726,NY,2121451.0,,,60758468.0,,,60758468.0,2121451.0,,,2121451.0,0.0
20210727,NY,2123130.0,,,60826837.0,,,60826837.0,2123130.0,,,2123130.0,0.0
20210728,NY,2125333.0,,,60925781.0,,,60925781.0,2125333.0,,,2125333.0,0.0
20210729,NY,2127900.0,,,61028940.0,,,61028940.0,2127900.0,,,2127900.0,0.0
20210730,NY,2130577.0,,,61137737.0,,,61137737.0,2130577.0,,,2130577.0,0.0
20210731,NY,2133627.0,,,61257303.0,,,61257303.0,2133627.0,,,2133627.0,0.0
20210801,NY,2136143.0,,,61351121.0,,,61351121.0,2136143.0,,,2136143.0,0.0
20210802,NY,2138286.0,,,61423635.0,,,61423635.0,2138286.0,,,2138286.0,0.0
20210803,NY,2141218.0,,,61508245.0,,,61508245.0,2141218.0,,,2141218.0,0.0
20210804,NY,2144333.0,,,61629260.0,,,61629260.0,2144333.0,,,2144333.0,0.0
20210805,NY,2147977.0,,,61760779.0,,,61760779.0,2147977.0,,,2147977.0,0.0
20210806,NY,2151677.0,,,61894981.0,,,61894981.0,2151677.0,,,2151677.0,0.0
20210807,NY,2156062.0,,,62040794.0,,,62040794.0,2156062.0,,,2156062.0,0.0
20210808,NY,2159529.0,,,62154059.0,,,62154059.0,2159529.0,,,2159529.0,0.0
20210809,NY,2163144.0,,,62263024.0,,,62263024.0,2163144.0,,,2163144.0,0.0
20210810,NY,2166366.0,,,62354044.0,,,62354044.0,2166366.0,,,2166366.0,0.0
20210811,NY,2170516.0,,,62499355.0,,,62499355.0,2170516.0,,,2170516.0,0.0
20210812,NY,2175217.0,,,62653280.0,,,62653280.0,2175217.0,,,2175217.0,0.0
20210813,NY,2179808.0,,,62800998.0,,,62800998.0,2179808.0,,,2179808.0,0.0
20210814,NY,2184282.0,,,62953639.0,,,62953639.0,2184282.0,,,2184282.0,0.0
20210815,NY,2188761.0,,,63108205.0,,,63108205.0,2188761.0,,,2188761.0,0.0
20210816,NY,2192336.0,,,63207210.0,,,63207210.0,2192336.0,,,2192336.0,0.0
20210817,NY,2195903.0,,,63297781.0,,,63297781.0,2195903.0,,,2195903.0,0.0
20210818,NY,2200640.0,,,63453909.0,,,63453909.0,2200640.0,,,2200640.0,0.0
20210819,NY,2205778.0,,,63623619.0,,,63623619.0,2205778.0,,,2205778.0,0.0
20210820,NY,2210610.0,,,63786439.0,,,63786439.0,2210610.0,,,2210610.0,0.0
20210821,NY,2215600.0,,,63956155.0,,,63956155.0,2215600.0,,,2215600.0,0.0
20210822,NY,2219940.0,,,64100220.0,,,64100220.0,2219940.0,,,2219940.0,0.0
20210823,NY,2223756.0,,,64201905.0,,,64201905.0,2223756.0,,,2223756.0,0.0
20210824,NY,2226955.0,,,64290823.0,,,64290823.0,2226955.0,,,2226955.0,0.0
20210825,NY,2231227.0,,,64432442.0,,,64432442.0,2231227.0,,,2231227.0,0.0
20210826,NY,2236634.0,,,64592996.0,,,64592996.0,2236634.0,,,2236634.0,0.0
20210827,NY,2242982.0,,,64767808.0,,,64767808.0,2242982.0,,,2242982.0,0.0
20210828,NY,2242982.0,,,64767808.0,,,64767808.0,2242982.0,,,2242982.0,0.0
20210829,NY,2252752.0,,,65096274.0,,,65096274.0,2252752.0,,,2252752.0,0.0
20210830,NY,2256899.0,,,65203599.0,,,65203599.0,2256899.0,,,2256899.0,0.0
20210831,NY,2260688.0,,,65299178.0,,,65299178.0,2260688.0,,,2260688.0,0.0
20210901,NY,2265300.0,,,65445674.0,,,65445674.0,2265300.0,,,2265300.0,0.0
20210902,NY,2270243.0,,,65609600.0,,,65609600.0,2270243.0,,,2270243.0,0.0
20210903,NY,2276253.0,,,65789818.0,,,65789818.0,2276253.0,,,2276253.0,0.0
20210904,NY,2281283.0,,,65947120.0,,,65947120.0,2281283.0,,,2281283.0,0.0
20210905,NY,2285778.0,,,66095265.0,,,66095265.0,2285778.0,,,2285778.0,0.0
20210906,NY,2289438.0,,,66195553.0,,,66195553.0,2289438.0,,,2289438.0,0.0
20210907,NY,2292760.0,,,66278869.0,,,66278869.0,2292760.0,,,2292760.0,0.0
20210908,NY,2296611.0,,,66382477.0,,,66382477.0,2296611.0,,,2296611.0,0.0
20210909,NY,2302013.0,,,66559152.0,,,66559152.0,2302013.0,,,2302013.0,0.0
20210910,NY,2308164.0,,,66757104.0,,,66757104.0,2308164.0,,,2308164.0,0.0
20210911,NY,2313932.0,,,66960478.0,,,66960478.0,2313932.0,,,2313932.0,0.0
20210912,NY,2319379.0,,,67139503.0,,,67139503.0,2319379.0,,,2319379.0,0.0
20210913,NY,2323065.0,,,67248641.0,,,67248641.0,2323065.0,,,2323065.0,0.0
20210914,NY,2327163.0,,,67366394.0,,,67366394.0,2327163.0,,,2327163.0,0.0
20210915,NY,2332015.0,,,67522395.0,,,67522395.0,2332015.0,,,2332015.0,0.0
20210916,NY,2338744.0,,,67720448.0,,,67720448.0,2338744.0,,,2338744.0,0.0
20210917,NY,2344525.0,,,67933450.0,,,67933450.0,2344525.0,,,2344525.0,0.0
20210918,NY,2349893.0,,,68130725.0,,,68130725.0,2349893.0,,,2349893.0,0.0
20210919,NY,2355168.0,,,68338422.0,,,68338422.0,2355168.0,,,2355168.0,0.0
20210920,NY,2358600.0,,,68454972.0,,,68454972.0,2358600.0,,,2358600.0,0.0
20210921,NY,2363842.0,,,68598737.0,,,68598737.0,2363842.0,,,2363842.0,0.0
20210922,NY,2368515.0,,,68777133.0,,,68777133.0,2368515.0,,,2368515.0,0.0
20210923,NY,2373329.0,,,68975980.0,,,68975980.0,2373329.0,,,2373329.0,0.0
20210924,NY,2379399.0,,,69198938.0,,,69198938.0,2379399.0,,,2379399.0,0.0
20210925,NY,2384687.0,,,69408319.0,,,69408319.0,2384687.0,,,2384687.0,0.0
20210926,NY,2389001.0,,,69588931.0,,,69588931.0,2389001.0,,,2389001.0,0.0
20210927,NY,2393005.0,,,69717631.0,,,69717631.0,2393005.0,,,2393005.0,0.0
20210928,NY,2397119.0,,,69852546.0,,,69852546.0,2397119.0,,,2397119.0,0.0
20210929,NY,2402256.0,,,70042806.0,,,70042806.0,2402256.0,,,2402256.0,0.0
20210930,NY,2407000.0,,,70281672.0,,,70281672.0,2407000.0,,,2407000.0,0.0
20211001,NY,2412187.0,,,70502588.0,,,70502588.0,2412187.0,,,2412187.0,0.0
20211002,NY,2416888.0,,,70723797.0,,,70723797.0,2416888.0,,,2416888.0,0.0
20211003,NY,2421472.0,,,70918716.0,,,70918716.0,2421472.0,,,2421472.0,0.0
20211004,NY,2424368.0,,,71040909.0,,,71040909.0,2424368.0,,,2424368.0,0.0
20211005,NY,2428245.0,,,71183544.0,,,71183544.0,2428245.0,,,2428245.0,0.0
20211006,NY,2433917.0,,,71379438.0,,,71379438.0,2433917.0,,,2433917.0,0.0
20211007,NY,2439160.0,,,71605123.0,,,71605123.0,2439160.0,,,2439160.0,0.0
20211008,NY,2444814.0,,,71834354.0,,,71834354.0,2444814.0,,,2444814.0,0.0
20211009,NY,2449618.0,,,72050508.0,,,72050508.0,2449618.0,,,2449618.0,0.0
20211010,NY,2452403.0,,,72158514.0,,,72158514.0,2452403.0,,,2452403.0,0.0
20211011,NY,2457531.0,,,72365667.0,,,72365667.0,2457531.0,,,2457531.0,0.0
20211012,NY,2460907.0,,,72477231.0,,,72477231.0,2460907.0,,,2460907.0,0.0
20211013,NY,2465565.0,,,72629825.0,,,72629825.0,2465565.0,,,2465565.0,0.0
20211014,NY,2469966.0,,,72829857.0,,,72829857.0,2469966.0,,,2469966.0,0.0
20211015,NY,2475659.0,,,73066718.0,,,73066718.0,2475659.0,,,2475659.0,0.0
20211016,NY,2480907.0,,,73283669.0,,,73283669.0,2480907.0,,,2480907.0,0.0
20211017,NY,2485111.0,,,73492373.0,,,73492373.0,2485111.0,,,2485111.0,0.0
20211018,NY,2488114.0,,,73608158.0,,,73608158.0,2488114.0,,,2488114.0,0.0
20211019,NY,2491006.0,,,73726938.0,,,73726938.0,2491006.0,,,2491006.0,0.0
20211020,NY,2495674.0,,,73919743.0,,,73919743.0,2495674.0,,,2495674.0,0.0
20211021,NY,2499897.0,,,74130043.0,,,74130043.0,2499897.0,,,2499897.0,0.0
20211022,NY,2503491.0,,,74329491.0,,,74329491.0,2503491.0,,,2503491.0,0.0
20211023,NY,2507829.0,,,74538052.0,,,74538052.0,2507829.0,,,2507829.0,0.0
20211024,NY,2510690.0,,,74700789.0,,,74700789.0,2510690.0,,,2510690.0,0.0
20211025,NY,2513744.0,,,74826384.0,,,74826384.0,2513744.0,,,2513744.0,0.0
20211026,NY,2515947.0,,,74919358.0,,,74919358.0,2515947.0,,,2515947.0,0.0
20211027,NY,2520231.0,,,75085425.0,,,75085425.0,2520231.0,,,2520231.0,0.0
20211028,NY,2524516.0,,,75311120.0,,,75311120.0,2524516.0,,,2524516.0,0.0
20211029,NY,2529580.0,,,75546813.0,,,75546813.0,2529580.0,,,2529580.0,0.0
20211030,NY,2533557.0,,,75746454.0,,,75746454.0,2533557.0,,,2533557.0,0.0
20211031,NY,2537145.0,,,75913052.0,,,75913052.0,2537145.0,,,2537145.0,0.0
20211101,NY,2540052.0,,,76029363.0,,,76029363.0,2540052.0,,,2540052.0,0.0
20211102,NY,2543013.0,,,76127782.0,,,76127782.0,2543013.0,,,2543013.0,0.0
20211103,NY,2547045.0,,,76293451.0,,,76293451.0,2547045.0,,,2547045.0,0.0
20211104,NY,2551632.0,,,76489052.0,,,76489052.0,2551632.0,,,2551632.0,0.0
20211105,NY,2556407.0,,,76678214.0,,,76678214.0,2556407.0,,,2556407.0,0.0
20211106,NY,2561320.0,,,76877118.0,,,76877118.0,2561320.0,,,2561320.0,0.0
20211107,NY,2565923.0,,,77050769.0,,,77050769.0,2565923.0,,,2565923.0,0.0
20211108,NY,2569403.0,,,77162220.0,,,77162220.0,2569403.0,,,2569403.0,0.0
20211109,NY,2573511.0,,,77277726.0,,,77277726.0,2573511.0,,,2573511.0,0.0
20211110,NY,2578649.0,,,77431122.0,,,77431122.0,2578649.0,,,2578649.0,0.0
20211111,NY,2585194.0,,,77645062.0,,,77645062.0,2585194.0,,,2585194.0,0.0
20211112,NY,2591345.0,,,77844664.0,,,77844664.0,2591345.0,,,2591345.0,0.0
20211113,NY,2597822.0,,,78047146.0,,,78047146.0,2597822.0,,,2597822.0,0.0
20211114,NY,2602900.0,,,78203615.0,,,78203615.0,2602900.0,,,2602900.0,0.0
20211115,NY,2607472.0,,,78317570.0,,,78317570.0,2607472.0,,,2607472.0,0.0
20211116,NY,2612344.0,,,78419054.0,,,78419054.0,2612344.0,,,2612344.0,0.0
20211117,NY,2618458.0,,,78579801.0,,,78579801.0,2618458.0,,,2618458.0,0.0
20211118,NY,2626429.0,,,78797140.0,,,78797140.0,2626429.0,,,2626429.0,0.0
20211119,NY,2633987.0,,,79004607.0,,,79004607.0,2633987.0,,,2633987.0,0.0
20211120,NY,2641084.0,,,79206076.0,,,79206076.0,2641084.0,,,2641084.0,0.0
20211121,NY,2647941.0,,,79397218.0,,,79397218.0,2647941.0,,,2647941.0,0.0
20211122,NY,2653342.0,,,79517427.0,,,79517427.0,2653342.0,,,2653342.0,0.0
20211123,NY,2658678.0,,,79636380.0,,,79636380.0,2658678.0,,,2658678.0,0.0
20211124,NY,2665844.0,,,79814472.0,,,79814472.0,2665844.0,,,2665844.0,0.0
20211125,NY,2674232.0,,,80041074.0,,,80041074.0,2674232.0,,,2674232.0,0.0
20211126,NY,2680527.0,,,80223718.0,,,80223718.0,2680527.0,,,2680527.0,0.0
20211127,NY,2684853.0,,,80315133.0,,,80315133.0,2684853.0,,,2684853.0,0.0
20211128,NY,2691000.0,,,80460322.0,,,80460322.0,2691000.0,,,2691000.0,0.0
20211129,NY,2696277.0,,,80559752.0,,,80559752.0,2696277.0,,,2696277.0,0.0
20211130,NY,2702870.0,,,80690118.0,,,80690118.0,2702870.0,,,2702870.0,0.0
20211201,NY,2712332.0,,,80879024.0,,,80879024.0,2712332.0,,,2712332.0,0.0
20211202,NY,2723632.0,,,81112808.0,,,81112808.0,2723632.0,,,2723632.0,0.0
20211203,NY,2734874.0,,,81343769.0,,,81343769.0,2734874.0,,,2734874.0,0.0
20211204,NY,2744781.0,,,81551600.0,,,81551600.0,2744781.0,,,2744781.0,0.0
20211205,NY,2755192.0,,,81786116.0,,,81786116.0,2755192.0,,,2755192.0,0.0
20211206,NY,2761270.0,,,81908452.0,,,81908452.0,2761270.0,,,2761270.0,0.0
20211207,NY,2769480.0,,,82057636.0,,,82057636.0,2769480.0,,,2769480.0,0.0
20211208,NY,2779313.0,,,82288048.0,,,82288048.0,2779313.0,,,2779313.0,0.0
20211209,NY,2791804.0,,,82538008.0,,,82538008.0,2791804.0,,,2791804.0,0.0
20211210,NY,2803007.0,,,82806380.0,,,82806380.0,2803007.0,,,2803007.0,0.0
20211211,NY,2814725.0,,,83079987.0,,,83079987.0,2814725.0,,,2814725.0,0.0
20211212,NY,2826302.0,,,83329780.0,,,83329780.0,2826302.0,,,2826302.0,0.0
20211213,NY,2835295.0,,,83509484.0,,,83509484.0,2835295.0,,,2835295.0,0.0
20211214,NY,2843561.0,,,83652449.0,,,83652449.0,2843561.0,,,2843561.0,0.0
20211215,NY,2856505.0,,,83884958.0,,,83884958.0,2856505.0,,,2856505.0,0.0
